protocol_seed,bsc,method,sessions,certification_rate,direct_output_rate,reuse_rate,fallback_rate,false_certification_rate,bad_reuse_rate,candidate_identity_rate_among_certified,candidate_identity_rate_among_direct_outputs,candidate_identity_rate_among_reuses,candidate_good_rate_among_certified,completion_verifier_good_rate,service_completion_rate,mean_protocol_bits,mean_protocol_forward_bits,mean_protocol_reverse_bits,mean_fallback_bits,mean_completion_forward_bits,mean_completion_bits,saving_vs_always_refresh,mean_audit_bits,mean_attempts,mean_logical_round_trips
4108815543219190477,0.0,bonferroni1024,500,0.768,0.0,0.768,0.232,0.0,0.0,0.9973958333333334,,0.9973958333333334,1.0,1.0,1.0,1320.0,1168.0,152.0,991.104,2159.104,2311.104,0.4590112359550562,1024.0,1.0,1.0
4108815543219190477,0.0,bonferroni512,500,0.518,0.0,0.518,0.482,0.0,0.0,0.9961389961389961,,0.9961389961389961,1.0,1.0,1.0,808.0,656.0,152.0,2059.104,2715.104,2867.104,0.3288614232209738,512.0,1.0,1.0
4108815543219190477,0.0,int8_fallback,500,0.0,0.0,0.0,1.0,0.0,0.0,,,,,1.0,1.0,0.0,0.0,0.0,4272.0,4272.0,4272.0,0.0,0.0,0.0,0.0
4108815543219190477,0.0,proposal64_unverified,500,0.0,1.0,1.0,0.0,0.0,0.346,,0.644,0.644,,0.654,1.0,208.0,208.0,0.0,0.0,208.0,208.0,0.951310861423221,0.0,1.0,0.0
4108815543219190477,0.0,screened1024_heuristic,500,0.0,0.0,0.914,0.086,0.0,0.0,,,0.9978118161925602,,1.0,1.0,1320.0,1168.0,152.0,367.392,1535.392,1687.392,0.6050112359550561,1024.0,1.0,1.0
4108815543219190477,0.0,screened512_heuristic,500,0.0,0.0,0.796,0.204,0.0,0.0,,,0.9974874371859297,,1.0,1.0,808.0,656.0,152.0,871.488,1527.488,1679.488,0.6068614232209737,512.0,1.0,1.0
4108815543219190477,0.0,sentrysem1,500,0.578,0.0,0.578,0.422,0.0,0.0,0.9930795847750865,,0.9930795847750865,1.0,1.0,1.0,2066.848,1300.544,766.304,1802.784,3103.328,3869.632,0.09418726591760296,416.256,1.0,4.252
4108815543219190477,0.0,sentrysem3,500,0.768,0.0,0.768,0.232,0.0,0.0,0.9947916666666666,,0.9947916666666666,1.0,1.0,1.0,3570.224,2198.624,1371.6,991.104,3189.728,4561.328,-0.06772659176029983,773.888,1.664,7.71
4108815543219190477,0.0,split256_256,500,0.672,0.0,0.672,0.328,0.0,0.0,0.9970238095238095,,0.9970238095238095,1.0,1.0,1.0,1432.0,1008.0,424.0,1401.216,2409.216,2833.216,0.3367940074906367,256.0,1.0,2.0
4108815543219190477,0.0,split512_512,500,0.862,0.0,0.862,0.138,0.0,0.0,0.9976798143851509,,0.9976798143851509,1.0,1.0,1.0,1944.0,1520.0,424.0,589.536,2109.536,2533.536,0.4069438202247191,512.0,1.0,2.0
4108815543219190477,0.05,bonferroni1024,500,0.706,0.0,0.706,0.294,0.0,0.0,0.9971671388101983,,0.9971671388101983,1.0,1.0,1.0,1320.0,1168.0,152.0,1255.968,2423.968,2575.968,0.39701123595505616,1024.0,1.0,1.0
4108815543219190477,0.05,bonferroni512,500,0.384,0.0,0.384,0.616,0.0,0.0,0.9947916666666666,,0.9947916666666666,1.0,1.0,1.0,808.0,656.0,152.0,2631.552,3287.552,3439.552,0.19486142322097377,512.0,1.0,1.0
4108815543219190477,0.05,int8_fallback,500,0.0,0.0,0.0,1.0,0.0,0.0,,,,,1.0,1.0,0.0,0.0,0.0,4272.0,4272.0,4272.0,0.0,0.0,0.0,0.0
4108815543219190477,0.05,proposal64_unverified,500,0.0,1.0,1.0,0.0,0.0,0.452,,0.532,0.532,,0.548,1.0,208.0,208.0,0.0,0.0,208.0,208.0,0.951310861423221,0.0,1.0,0.0
4108815543219190477,0.05,screened1024_heuristic,500,0.0,0.0,0.898,0.102,0.0,0.0,,,0.9977728285077951,,1.0,1.0,1320.0,1168.0,152.0,435.744,1603.744,1755.744,0.5890112359550562,1024.0,1.0,1.0
4108815543219190477,0.05,screened512_heuristic,500,0.0,0.0,0.738,0.262,0.0,0.0,,,0.997289972899729,,1.0,1.0,808.0,656.0,152.0,1119.264,1775.264,1927.264,0.5488614232209739,512.0,1.0,1.0
4108815543219190477,0.05,sentrysem1,500,0.466,0.0,0.466,0.534,0.0,0.0,0.9957081545064378,,0.9957081545064378,1.0,1.0,1.0,2244.08,1414.24,829.84,2281.248,3695.488,4525.328,-0.05929962546816481,469.76,1.0,4.67
4108815543219190477,0.05,sentrysem3,500,0.672,0.0,0.672,0.328,0.0,0.0,0.9940476190476191,,0.9940476190476191,1.0,1.0,1.0,4381.248,2697.12,1684.128,1401.216,4098.336,5782.464,-0.3535730337078651,987.136,1.882,9.594
4108815543219190477,0.05,split256_256,500,0.622,0.0,0.622,0.378,0.0,0.0,0.9967845659163987,,0.9967845659163987,1.0,1.0,1.0,1432.0,1008.0,424.0,1614.816,2622.816,3046.816,0.28679400749063677,256.0,1.0,2.0
4108815543219190477,0.05,split512_512,500,0.792,0.0,0.792,0.208,0.0,0.0,0.9974747474747475,,0.9974747474747475,1.0,1.0,1.0,1944.0,1520.0,424.0,888.576,2408.576,2832.576,0.33694382022471914,512.0,1.0,2.0
7915450270055424108,0.0,bonferroni1024,500,0.778,0.0,0.778,0.222,0.0,0.0,1.0,,1.0,1.0,1.0,1.0,1320.0,1168.0,152.0,948.384,2116.384,2268.384,0.4690112359550562,1024.0,1.0,1.0
7915450270055424108,0.0,bonferroni512,500,0.52,0.0,0.52,0.48,0.0,0.0,1.0,,1.0,1.0,1.0,1.0,808.0,656.0,152.0,2050.56,2706.56,2858.56,0.3308614232209738,512.0,1.0,1.0
7915450270055424108,0.0,int8_fallback,500,0.0,0.0,0.0,1.0,0.0,0.0,,,,,1.0,1.0,0.0,0.0,0.0,4272.0,4272.0,4272.0,0.0,0.0,0.0,0.0
7915450270055424108,0.0,proposal64_unverified,500,0.0,1.0,1.0,0.0,0.0,0.37,,0.616,0.616,,0.63,1.0,208.0,208.0,0.0,0.0,208.0,208.0,0.951310861423221,0.0,1.0,0.0
7915450270055424108,0.0,screened1024_heuristic,500,0.0,0.0,0.9,0.1,0.0,0.0,,,0.9977777777777778,,1.0,1.0,1320.0,1168.0,152.0,427.2,1595.2,1747.2,0.5910112359550561,1024.0,1.0,1.0
7915450270055424108,0.0,screened512_heuristic,500,0.0,0.0,0.824,0.176,0.0,0.0,,,0.9975728155339806,,1.0,1.0,808.0,656.0,152.0,751.872,1407.872,1559.872,0.6348614232209737,512.0,1.0,1.0
7915450270055424108,0.0,sentrysem1,500,0.536,0.0,0.536,0.464,0.0,0.0,0.996268656716418,,0.996268656716418,1.0,1.0,1.0,2075.328,1305.984,769.344,1982.208,3288.192,4057.536,0.050202247191011184,418.816,1.0,4.272
7915450270055424108,0.0,sentrysem3,500,0.748,0.0,0.748,0.252,0.0,0.0,0.9973262032085561,,0.9973262032085561,1.0,1.0,1.0,3667.776,2256.608,1411.168,1076.544,3333.152,4744.32,-0.11056179775280883,796.672,1.71,7.934
7915450270055424108,0.0,split256_256,500,0.704,0.0,0.704,0.296,0.0,0.0,1.0,,1.0,1.0,1.0,1.0,1432.0,1008.0,424.0,1264.512,2272.512,2696.512,0.3687940074906366,256.0,1.0,2.0
7915450270055424108,0.0,split512_512,500,0.822,0.0,0.822,0.178,0.0,0.0,1.0,,1.0,1.0,1.0,1.0,1944.0,1520.0,424.0,760.416,2280.416,2704.416,0.36694382022471905,512.0,1.0,2.0
7915450270055424108,0.05,bonferroni1024,500,0.666,0.0,0.666,0.334,0.0,0.0,1.0,,1.0,1.0,1.0,1.0,1320.0,1168.0,152.0,1426.848,2594.848,2746.848,0.35701123595505624,1024.0,1.0,1.0
7915450270055424108,0.05,bonferroni512,500,0.412,0.0,0.412,0.588,0.0,0.0,1.0,,1.0,1.0,1.0,1.0,808.0,656.0,152.0,2511.936,3167.936,3319.936,0.2228614232209738,512.0,1.0,1.0
7915450270055424108,0.05,int8_fallback,500,0.0,0.0,0.0,1.0,0.0,0.0,,,,,1.0,1.0,0.0,0.0,0.0,4272.0,4272.0,4272.0,0.0,0.0,0.0,0.0
7915450270055424108,0.05,proposal64_unverified,500,0.0,1.0,1.0,0.0,0.0,0.478,,0.51,0.51,,0.522,1.0,208.0,208.0,0.0,0.0,208.0,208.0,0.951310861423221,0.0,1.0,0.0
7915450270055424108,0.05,screened1024_heuristic,500,0.0,0.0,0.886,0.114,0.0,0.0,,,1.0,,1.0,1.0,1320.0,1168.0,152.0,487.008,1655.008,1807.008,0.5770112359550561,1024.0,1.0,1.0
7915450270055424108,0.05,screened512_heuristic,500,0.0,0.0,0.766,0.234,0.0,0.0,,,1.0,,1.0,1.0,808.0,656.0,152.0,999.648,1655.648,1807.648,0.5768614232209738,512.0,1.0,1.0
7915450270055424108,0.05,sentrysem1,500,0.438,0.0,0.438,0.562,0.0,0.0,0.9908675799086758,,0.9908675799086758,1.0,1.0,1.0,2278.848,1436.544,842.304,2400.864,3837.408,4679.712,-0.09543820224719113,480.256,1.0,4.752
7915450270055424108,0.05,sentrysem3,500,0.646,0.0,0.646,0.354,0.0,0.0,1.0,,1.0,1.0,1.0,1.0,4480.496,2756.192,1724.304,1512.288,4268.48,5992.784,-0.4028052434456928,1010.432,1.928,9.822
7915450270055424108,0.05,split256_256,500,0.62,0.0,0.62,0.38,0.0,0.0,0.9967741935483871,,0.9967741935483871,1.0,1.0,1.0,1432.0,1008.0,424.0,1623.36,2631.36,3055.36,0.28479400749063666,256.0,1.0,2.0
7915450270055424108,0.05,split512_512,500,0.788,0.0,0.788,0.212,0.002,0.002,0.9974619289340102,,0.9974619289340102,0.9974619289340102,0.998,1.0,1944.0,1520.0,424.0,905.664,2425.664,2849.664,0.332943820224719,512.0,1.0,2.0
14611438597939087046,0.0,bonferroni1024,500,0.798,0.0,0.798,0.202,0.0,0.0,0.9974937343358395,,0.9974937343358395,1.0,1.0,1.0,1320.0,1168.0,152.0,862.944,2030.944,2182.944,0.48901123595505613,1024.0,1.0,1.0
14611438597939087046,0.0,bonferroni512,500,0.594,0.0,0.594,0.406,0.0,0.0,1.0,,1.0,1.0,1.0,1.0,808.0,656.0,152.0,1734.432,2390.432,2542.432,0.40486142322097385,512.0,1.0,1.0
14611438597939087046,0.0,int8_fallback,500,0.0,0.0,0.0,1.0,0.0,0.0,,,,,1.0,1.0,0.0,0.0,0.0,4272.0,4272.0,4272.0,0.0,0.0,0.0,0.0
14611438597939087046,0.0,proposal64_unverified,500,0.0,1.0,1.0,0.0,0.0,0.402,,0.584,0.584,,0.598,1.0,208.0,208.0,0.0,0.0,208.0,208.0,0.951310861423221,0.0,1.0,0.0
14611438597939087046,0.0,screened1024_heuristic,500,0.0,0.0,0.912,0.088,0.0,0.0,,,0.9978070175438597,,1.0,1.0,1320.0,1168.0,152.0,375.936,1543.936,1695.936,0.6030112359550561,1024.0,1.0,1.0
14611438597939087046,0.0,screened512_heuristic,500,0.0,0.0,0.86,0.14,0.0,0.002,,,0.9976744186046511,,0.998,1.0,808.0,656.0,152.0,598.08,1254.08,1406.08,0.6708614232209738,512.0,1.0,1.0
14611438597939087046,0.0,sentrysem1,500,0.534,0.0,0.534,0.466,0.0,0.0,0.9962546816479401,,0.9962546816479401,1.0,1.0,1.0,2041.408,1284.224,757.184,1990.752,3274.976,4032.16,0.05614232209737835,408.576,1.0,4.192
14611438597939087046,0.0,sentrysem3,500,0.744,0.0,0.744,0.256,0.0,0.0,0.9973118279569892,,0.9973118279569892,1.0,1.0,1.0,3741.536,2300.928,1440.608,1093.632,3394.56,4835.168,-0.13182771535580518,814.592,1.74,8.104
14611438597939087046,0.0,split256_256,500,0.676,0.0,0.676,0.324,0.002,0.002,0.9970414201183432,,0.9970414201183432,0.9970414201183432,0.998,1.0,1432.0,1008.0,424.0,1384.128,2392.128,2816.128,0.3407940074906367,256.0,1.0,2.0
14611438597939087046,0.0,split512_512,500,0.83,0.0,0.83,0.17,0.0,0.0,1.0,,1.0,1.0,1.0,1.0,1944.0,1520.0,424.0,726.24,2246.24,2670.24,0.37494382022471917,512.0,1.0,2.0
14611438597939087046,0.05,bonferroni1024,500,0.722,0.0,0.722,0.278,0.0,0.0,0.997229916897507,,0.997229916897507,1.0,1.0,1.0,1320.0,1168.0,152.0,1187.616,2355.616,2507.616,0.4130112359550562,1024.0,1.0,1.0
14611438597939087046,0.05,bonferroni512,500,0.45,0.0,0.45,0.55,0.0,0.0,1.0,,1.0,1.0,1.0,1.0,808.0,656.0,152.0,2349.6,3005.6,3157.6,0.26086142322097383,512.0,1.0,1.0
14611438597939087046,0.05,int8_fallback,500,0.0,0.0,0.0,1.0,0.0,0.0,,,,,1.0,1.0,0.0,0.0,0.0,4272.0,4272.0,4272.0,0.0,0.0,0.0,0.0
14611438597939087046,0.05,proposal64_unverified,500,0.0,1.0,1.0,0.0,0.0,0.49,,0.49,0.49,,0.51,1.0,208.0,208.0,0.0,0.0,208.0,208.0,0.951310861423221,0.0,1.0,0.0
14611438597939087046,0.05,screened1024_heuristic,500,0.0,0.0,0.888,0.112,0.0,0.0,,,0.9977477477477478,,1.0,1.0,1320.0,1168.0,152.0,478.464,1646.464,1798.464,0.5790112359550562,1024.0,1.0,1.0
14611438597939087046,0.05,screened512_heuristic,500,0.0,0.0,0.808,0.192,0.0,0.0,,,1.0,,1.0,1.0,808.0,656.0,152.0,820.224,1476.224,1628.224,0.6188614232209738,512.0,1.0,1.0
14611438597939087046,0.05,sentrysem1,500,0.42,0.0,0.42,0.58,0.0,0.0,1.0,,1.0,1.0,1.0,1.0,2254.256,1420.768,833.488,2477.76,3898.528,4732.016,-0.10768164794007484,472.832,1.0,4.694
14611438597939087046,0.05,sentrysem3,500,0.632,0.0,0.632,0.368,0.0,0.0,0.9936708860759493,,0.9936708860759493,1.0,1.0,1.0,4544.08,2793.984,1750.096,1572.096,4366.08,6116.176,-0.43168913857677915,1025.28,1.958,9.968
14611438597939087046,0.05,split256_256,500,0.638,0.0,0.638,0.362,0.0,0.0,0.9968652037617555,,0.9968652037617555,1.0,1.0,1.0,1432.0,1008.0,424.0,1546.464,2554.464,2978.464,0.3027940074906367,256.0,1.0,2.0
14611438597939087046,0.05,split512_512,500,0.79,0.0,0.79,0.21,0.0,0.0,1.0,,1.0,1.0,1.0,1.0,1944.0,1520.0,424.0,897.12,2417.12,2841.12,0.33494382022471914,512.0,1.0,2.0
15742982603362453269,0.0,bonferroni1024,500,0.804,0.0,0.804,0.196,0.0,0.0,0.9975124378109452,,0.9975124378109452,1.0,1.0,1.0,1320.0,1168.0,152.0,837.312,2005.312,2157.312,0.49501123595505625,1024.0,1.0,1.0
15742982603362453269,0.0,bonferroni512,500,0.584,0.0,0.584,0.416,0.0,0.0,0.9965753424657534,,0.9965753424657534,1.0,1.0,1.0,808.0,656.0,152.0,1777.152,2433.152,2585.152,0.39486142322097373,512.0,1.0,1.0
15742982603362453269,0.0,int8_fallback,500,0.0,0.0,0.0,1.0,0.0,0.0,,,,,1.0,1.0,0.0,0.0,0.0,4272.0,4272.0,4272.0,0.0,0.0,0.0,0.0
15742982603362453269,0.0,proposal64_unverified,500,0.0,1.0,1.0,0.0,0.0,0.4,,0.582,0.582,,0.6,1.0,208.0,208.0,0.0,0.0,208.0,208.0,0.951310861423221,0.0,1.0,0.0
15742982603362453269,0.0,screened1024_heuristic,500,0.0,0.0,0.916,0.084,0.0,0.0,,,0.9978165938864629,,1.0,1.0,1320.0,1168.0,152.0,358.848,1526.848,1678.848,0.6070112359550561,1024.0,1.0,1.0
15742982603362453269,0.0,screened512_heuristic,500,0.0,0.0,0.872,0.128,0.0,0.002,,,0.9954128440366973,,0.998,1.0,808.0,656.0,152.0,546.816,1202.816,1354.816,0.6828614232209738,512.0,1.0,1.0
15742982603362453269,0.0,sentrysem1,500,0.534,0.0,0.534,0.466,0.0,0.0,0.9962546816479401,,0.9962546816479401,1.0,1.0,1.0,2061.76,1297.28,764.48,1990.752,3288.032,4052.512,0.05137827715355803,414.72,1.0,4.24
15742982603362453269,0.0,sentrysem3,500,0.74,0.0,0.74,0.26,0.0,0.0,0.9918918918918919,,0.9918918918918919,1.0,1.0,1.0,3732.208,2294.944,1437.264,1110.72,3405.664,4842.928,-0.1336441947565543,811.776,1.74,8.082
15742982603362453269,0.0,split256_256,500,0.692,0.0,0.692,0.308,0.0,0.0,0.9971098265895953,,0.9971098265895953,1.0,1.0,1.0,1432.0,1008.0,424.0,1315.776,2323.776,2747.776,0.3567940074906367,256.0,1.0,2.0
15742982603362453269,0.0,split512_512,500,0.846,0.0,0.846,0.154,0.0,0.0,0.9952718676122931,,0.9952718676122931,1.0,1.0,1.0,1944.0,1520.0,424.0,657.888,2177.888,2601.888,0.3909438202247191,512.0,1.0,2.0
15742982603362453269,0.05,bonferroni1024,500,0.716,0.0,0.716,0.284,0.0,0.0,1.0,,1.0,1.0,1.0,1.0,1320.0,1168.0,152.0,1213.248,2381.248,2533.248,0.40701123595505617,1024.0,1.0,1.0
15742982603362453269,0.05,bonferroni512,500,0.442,0.0,0.442,0.558,0.0,0.0,0.995475113122172,,0.995475113122172,1.0,1.0,1.0,808.0,656.0,152.0,2383.776,3039.776,3191.776,0.2528614232209738,512.0,1.0,1.0
15742982603362453269,0.05,int8_fallback,500,0.0,0.0,0.0,1.0,0.0,0.0,,,,,1.0,1.0,0.0,0.0,0.0,4272.0,4272.0,4272.0,0.0,0.0,0.0,0.0
15742982603362453269,0.05,proposal64_unverified,500,0.0,1.0,1.0,0.0,0.0,0.524,,0.454,0.454,,0.476,1.0,208.0,208.0,0.0,0.0,208.0,208.0,0.951310861423221,0.0,1.0,0.0
15742982603362453269,0.05,screened1024_heuristic,500,0.0,0.0,0.894,0.106,0.0,0.0,,,0.9977628635346756,,1.0,1.0,1320.0,1168.0,152.0,452.832,1620.832,1772.832,0.5850112359550561,1024.0,1.0,1.0
15742982603362453269,0.05,screened512_heuristic,500,0.0,0.0,0.812,0.188,0.0,0.0,,,0.9926108374384236,,1.0,1.0,808.0,656.0,152.0,803.136,1459.136,1611.136,0.6228614232209737,512.0,1.0,1.0
15742982603362453269,0.05,sentrysem1,500,0.396,0.0,0.396,0.604,0.0,0.0,1.0,,1.0,1.0,1.0,1.0,2261.888,1425.664,836.224,2580.288,4005.952,4842.176,-0.13346816479400747,475.136,1.0,4.712
15742982603362453269,0.05,sentrysem3,500,0.648,0.0,0.648,0.352,0.0,0.0,0.9969135802469136,,0.9969135802469136,1.0,1.0,1.0,4531.648,2787.008,1744.64,1503.744,4290.752,6035.392,-0.4127790262172284,1022.976,1.948,9.94
15742982603362453269,0.05,split256_256,500,0.598,0.0,0.598,0.402,0.002,0.002,0.9899665551839465,,0.9899665551839465,0.9966555183946488,0.998,1.0,1432.0,1008.0,424.0,1717.344,2725.344,3149.344,0.26279400749063664,256.0,1.0,2.0
15742982603362453269,0.05,split512_512,500,0.784,0.0,0.784,0.216,0.0,0.0,0.9974489795918368,,0.9974489795918368,1.0,1.0,1.0,1944.0,1520.0,424.0,922.752,2442.752,2866.752,0.32894382022471913,512.0,1.0,2.0
17838361416203552926,0.0,bonferroni1024,500,0.788,0.0,0.788,0.212,0.0,0.0,0.9974619289340102,,0.9974619289340102,1.0,1.0,1.0,1320.0,1168.0,152.0,905.664,2073.664,2225.664,0.4790112359550561,1024.0,1.0,1.0
17838361416203552926,0.0,bonferroni512,500,0.604,0.0,0.604,0.396,0.0,0.0,0.9966887417218543,,0.9966887417218543,1.0,1.0,1.0,808.0,656.0,152.0,1691.712,2347.712,2499.712,0.41486142322097375,512.0,1.0,1.0
17838361416203552926,0.0,int8_fallback,500,0.0,0.0,0.0,1.0,0.0,0.0,,,,,1.0,1.0,0.0,0.0,0.0,4272.0,4272.0,4272.0,0.0,0.0,0.0,0.0
17838361416203552926,0.0,proposal64_unverified,500,0.0,1.0,1.0,0.0,0.0,0.422,,0.552,0.552,,0.578,1.0,208.0,208.0,0.0,0.0,208.0,208.0,0.951310861423221,0.0,1.0,0.0
17838361416203552926,0.0,screened1024_heuristic,500,0.0,0.0,0.918,0.082,0.0,0.0,,,0.9978213507625272,,1.0,1.0,1320.0,1168.0,152.0,350.304,1518.304,1670.304,0.6090112359550561,1024.0,1.0,1.0
17838361416203552926,0.0,screened512_heuristic,500,0.0,0.0,0.866,0.134,0.0,0.0,,,0.9976905311778291,,1.0,1.0,808.0,656.0,152.0,572.448,1228.448,1380.448,0.6768614232209738,512.0,1.0,1.0
17838361416203552926,0.0,sentrysem1,500,0.52,0.0,0.52,0.48,0.0,0.0,1.0,,1.0,1.0,1.0,1.0,2059.216,1295.648,763.568,2050.56,3346.208,4109.776,0.037973782771535625,413.952,1.0,4.234
17838361416203552926,0.0,sentrysem3,500,0.738,0.0,0.738,0.262,0.0,0.0,1.0,,1.0,1.0,1.0,1.0,3806.928,2339.68,1467.248,1119.264,3458.944,4926.192,-0.1531348314606742,829.696,1.772,8.254
17838361416203552926,0.0,split256_256,500,0.688,0.0,0.688,0.312,0.0,0.0,0.997093023255814,,0.997093023255814,1.0,1.0,1.0,1432.0,1008.0,424.0,1332.864,2340.864,2764.864,0.3527940074906367,256.0,1.0,2.0
17838361416203552926,0.0,split512_512,500,0.838,0.0,0.838,0.162,0.0,0.0,0.9976133651551312,,0.9976133651551312,1.0,1.0,1.0,1944.0,1520.0,424.0,692.064,2212.064,2636.064,0.3829438202247192,512.0,1.0,2.0
17838361416203552926,0.05,bonferroni1024,500,0.706,0.0,0.706,0.294,0.0,0.0,0.9971671388101983,,0.9971671388101983,1.0,1.0,1.0,1320.0,1168.0,152.0,1255.968,2423.968,2575.968,0.39701123595505616,1024.0,1.0,1.0
17838361416203552926,0.05,bonferroni512,500,0.45,0.0,0.45,0.55,0.0,0.0,0.9911111111111112,,0.9911111111111112,1.0,1.0,1.0,808.0,656.0,152.0,2349.6,3005.6,3157.6,0.26086142322097383,512.0,1.0,1.0
17838361416203552926,0.05,int8_fallback,500,0.0,0.0,0.0,1.0,0.0,0.0,,,,,1.0,1.0,0.0,0.0,0.0,4272.0,4272.0,4272.0,0.0,0.0,0.0,0.0
17838361416203552926,0.05,proposal64_unverified,500,0.0,1.0,1.0,0.0,0.0,0.536,,0.45,0.45,,0.464,1.0,208.0,208.0,0.0,0.0,208.0,208.0,0.951310861423221,0.0,1.0,0.0
17838361416203552926,0.05,screened1024_heuristic,500,0.0,0.0,0.902,0.098,0.0,0.0,,,0.9977827050997783,,1.0,1.0,1320.0,1168.0,152.0,418.656,1586.656,1738.656,0.5930112359550561,1024.0,1.0,1.0
17838361416203552926,0.05,screened512_heuristic,500,0.0,0.0,0.8,0.2,0.0,0.0,,,0.995,,1.0,1.0,808.0,656.0,152.0,854.4,1510.4,1662.4,0.6108614232209737,512.0,1.0,1.0
17838361416203552926,0.05,sentrysem1,500,0.41,0.0,0.41,0.59,0.0,0.0,1.0,,1.0,1.0,1.0,1.0,2235.6,1408.8,826.8,2520.48,3929.28,4756.08,-0.11331460674157312,467.2,1.0,4.65
17838361416203552926,0.05,sentrysem3,500,0.676,0.0,0.676,0.324,0.0,0.0,1.0,,1.0,1.0,1.0,1.0,4406.048,2709.632,1696.416,1384.128,4093.76,5790.176,-0.3553782771535581,989.696,1.916,9.648
17838361416203552926,0.05,split256_256,500,0.592,0.0,0.592,0.408,0.0,0.0,0.9932432432432432,,0.9932432432432432,1.0,1.0,1.0,1432.0,1008.0,424.0,1742.976,2750.976,3174.976,0.25679400749063663,256.0,1.0,2.0
17838361416203552926,0.05,split512_512,500,0.798,0.0,0.798,0.202,0.0,0.0,0.9949874686716792,,0.9949874686716792,1.0,1.0,1.0,1944.0,1520.0,424.0,862.944,2382.944,2806.944,0.34294382022471914,512.0,1.0,2.0
