scenario,condition,bsc,protocol_seed,sessions,target_present_fraction,reuse_rate,bad_reuse_rate,identity_precision_among_reuses,reuse_rate_when_target_present,identity_recovery_rate_when_present,reuse_rate_when_target_absent,mean_completion_bits,saving_vs_always_refresh
evict50,paired_iid,0.0,5635005200607147554,500,0.496,0.444,0.0,0.9819819819819819,0.8790322580645161,0.8790322580645161,0.015873015873015872,4319.232,-0.011056179775280839
evict50,paired_iid,0.0,13181815969110816250,500,0.496,0.448,0.0,0.9866071428571429,0.8911290322580645,0.8911290322580645,0.011904761904761904,4302.144,-0.007056179775281057
evict50,paired_iid,0.0,13231421562932395684,500,0.496,0.456,0.0,0.9692982456140351,0.8911290322580645,0.8911290322580645,0.027777777777777776,4267.968,0.0009438202247191718
evict50,paired_iid,0.0,14673129866313320424,500,0.496,0.434,0.0,0.9861751152073732,0.8669354838709677,0.8629032258064516,0.007936507936507936,4361.952,-0.021056179775280848
evict50,paired_iid,0.0,17148364466832244007,500,0.496,0.44,0.0,0.9818181818181818,0.8709677419354839,0.8709677419354839,0.015873015873015872,4336.32,-0.015056179775280842
evict50,paired_iid,0.05,5635005200607147554,500,0.496,0.422,0.002,0.9620853080568721,0.8225806451612904,0.8185483870967742,0.027777777777777776,4413.216,-0.03305617977528108
evict50,paired_iid,0.05,13181815969110816250,500,0.496,0.42,0.0,0.9857142857142858,0.8346774193548387,0.8346774193548387,0.011904761904761904,4421.76,-0.03505617977528086
evict50,paired_iid,0.05,13231421562932395684,500,0.496,0.42,0.0,0.9857142857142858,0.8346774193548387,0.8346774193548387,0.011904761904761904,4421.76,-0.03505617977528086
evict50,paired_iid,0.05,14673129866313320424,500,0.496,0.44,0.0,0.9681818181818181,0.8629032258064516,0.8588709677419355,0.023809523809523808,4336.32,-0.015056179775280842
evict50,paired_iid,0.05,17148364466832244007,500,0.496,0.428,0.002,0.9719626168224299,0.842741935483871,0.8387096774193549,0.01984126984126984,4387.584,-0.027056179775280853
full,novel_unpaired,0.0,5635005200607147554,200,0.0,0.03,0.0,0.0,,,0.03,6087.84,-0.425056179775281
full,novel_unpaired,0.0,13181815969110816250,200,0.0,0.03,0.0,0.0,,,0.03,6087.84,-0.425056179775281
full,novel_unpaired,0.0,13231421562932395684,200,0.0,0.015,0.005,0.0,,,0.015,6151.92,-0.4400561797752809
full,novel_unpaired,0.0,14673129866313320424,200,0.0,0.02,0.0,0.0,,,0.02,6130.56,-0.435056179775281
full,novel_unpaired,0.0,17148364466832244007,200,0.0,0.03,0.0,0.0,,,0.03,6087.84,-0.425056179775281
full,novel_unpaired,0.05,5635005200607147554,200,0.0,0.02,0.0,0.0,,,0.02,6130.56,-0.435056179775281
full,novel_unpaired,0.05,13181815969110816250,200,0.0,0.02,0.0,0.0,,,0.02,6130.56,-0.435056179775281
full,novel_unpaired,0.05,13231421562932395684,200,0.0,0.01,0.0,0.0,,,0.01,6173.28,-0.4450561797752808
full,novel_unpaired,0.05,14673129866313320424,200,0.0,0.025,0.0,0.0,,,0.025,6109.2,-0.4300561797752809
full,novel_unpaired,0.05,17148364466832244007,200,0.0,0.02,0.0,0.0,,,0.02,6130.56,-0.435056179775281
full,paired_hard_ood,0.0,5635005200607147554,500,1.0,0.126,0.0,1.0,0.126,0.126,,5677.728,-0.3290561797752809
full,paired_hard_ood,0.0,13181815969110816250,500,1.0,0.122,0.0,0.9672131147540983,0.122,0.118,,5694.816,-0.3330561797752809
full,paired_hard_ood,0.0,13231421562932395684,500,1.0,0.114,0.0,0.9824561403508771,0.114,0.112,,5728.992,-0.3410561797752809
full,paired_hard_ood,0.0,14673129866313320424,500,1.0,0.122,0.0,0.9672131147540983,0.122,0.118,,5694.816,-0.3330561797752809
full,paired_hard_ood,0.0,17148364466832244007,500,1.0,0.126,0.0,0.9682539682539683,0.126,0.122,,5677.728,-0.3290561797752809
full,paired_hard_ood,0.05,5635005200607147554,500,1.0,0.11,0.0,0.9636363636363636,0.11,0.106,,5746.08,-0.3450561797752809
full,paired_hard_ood,0.05,13181815969110816250,500,1.0,0.1,0.0,0.98,0.1,0.098,,5788.8,-0.3550561797752809
full,paired_hard_ood,0.05,13231421562932395684,500,1.0,0.11,0.0,0.9818181818181818,0.11,0.108,,5746.08,-0.3450561797752809
full,paired_hard_ood,0.05,14673129866313320424,500,1.0,0.1,0.0,0.98,0.1,0.098,,5788.8,-0.3550561797752809
full,paired_hard_ood,0.05,17148364466832244007,500,1.0,0.106,0.0,0.9811320754716981,0.106,0.104,,5763.168,-0.3490561797752809
full,paired_iid,0.0,5635005200607147554,500,1.0,0.868,0.0,0.9976958525345622,0.868,0.866,,2507.904,0.4129438202247191
full,paired_iid,0.0,13181815969110816250,500,1.0,0.88,0.0,1.0,0.88,0.88,,2456.64,0.4249438202247191
full,paired_iid,0.0,13231421562932395684,500,1.0,0.868,0.0,0.9976958525345622,0.868,0.866,,2507.904,0.4129438202247191
full,paired_iid,0.0,14673129866313320424,500,1.0,0.856,0.0,0.9976635514018691,0.856,0.854,,2559.168,0.4009438202247191
full,paired_iid,0.0,17148364466832244007,500,1.0,0.868,0.0,0.9930875576036866,0.868,0.862,,2507.904,0.4129438202247191
full,paired_iid,0.05,5635005200607147554,500,1.0,0.824,0.0,0.9927184466019418,0.824,0.818,,2695.872,0.36894382022471917
full,paired_iid,0.05,13181815969110816250,500,1.0,0.83,0.0,1.0,0.83,0.83,,2670.24,0.37494382022471917
full,paired_iid,0.05,13231421562932395684,500,1.0,0.818,0.0,0.9975550122249389,0.818,0.816,,2721.504,0.36294382022471916
full,paired_iid,0.05,14673129866313320424,500,1.0,0.844,0.0,0.9976303317535545,0.844,0.842,,2610.432,0.3889438202247192
full,paired_iid,0.05,17148364466832244007,500,1.0,0.836,0.0,0.9976076555023924,0.836,0.834,,2644.608,0.38094382022471907
missing3classes,paired_iid,0.0,5635005200607147554,500,0.7,0.616,0.0,0.9967532467532467,0.88,0.8771428571428571,0.0,3584.448,0.1609438202247191
missing3classes,paired_iid,0.0,13181815969110816250,500,0.7,0.622,0.0,0.9967845659163987,0.8857142857142857,0.8857142857142857,0.006666666666666667,3558.816,0.1669438202247191
missing3classes,paired_iid,0.0,13231421562932395684,500,0.7,0.624,0.0,0.9903846153846154,0.8857142857142857,0.8828571428571429,0.013333333333333334,3550.272,0.1689438202247191
missing3classes,paired_iid,0.0,14673129866313320424,500,0.7,0.61,0.0,0.9967213114754099,0.8685714285714285,0.8685714285714285,0.006666666666666667,3610.08,0.1549438202247191
missing3classes,paired_iid,0.0,17148364466832244007,500,0.7,0.62,0.0,0.9935483870967742,0.8828571428571429,0.88,0.006666666666666667,3567.36,0.1649438202247191
missing3classes,paired_iid,0.05,5635005200607147554,500,0.7,0.592,0.002,0.9932432432432432,0.8428571428571429,0.84,0.006666666666666667,3686.976,0.13694382022471907
missing3classes,paired_iid,0.05,13181815969110816250,500,0.7,0.592,0.0,1.0,0.8457142857142858,0.8457142857142858,0.0,3686.976,0.13694382022471907
missing3classes,paired_iid,0.05,13231421562932395684,500,0.7,0.588,0.0,0.9965986394557823,0.8371428571428572,0.8371428571428572,0.006666666666666667,3704.064,0.13294382022471918
missing3classes,paired_iid,0.05,14673129866313320424,500,0.7,0.606,0.0,1.0,0.8657142857142858,0.8657142857142858,0.0,3627.168,0.15094382022471908
missing3classes,paired_iid,0.05,17148364466832244007,500,0.7,0.584,0.0,1.0,0.8342857142857143,0.8342857142857143,0.0,3721.152,0.12894382022471906
